Epps,Enps
378.84251630877384,-19.444199308072367
