Epbs,Enbs
136.4357448618661,-88.52227767645914
