Epbs,Enbs
150.83961317276942,-75.76876374780664
