Epps,Enps
324.30937624177034,-33.65895303291761
