Epbs,Enbs
176.73108744516566,-81.18076430748299
