Epps,Enps
376.1178380299325,-20.577968447867732
