Epbs,Enbs
175.63137400202856,-78.64346754166122
