Epps,Enps
366.2395957069831,-17.89634418621918
