Epps,Enps
311.7261211986692,-38.871477746424276
