Epbs,Enbs
129.60045488556284,-270.37966568694833
