Epbs,Enbs
162.33519992334024,-85.308824232518
