Epps,Enps
338.95282549353624,-71.5529533986861
