Epps,Enps
314.2658822118428,-40.97049873729313
