Epbs,Enbs
129.55067693469343,-200.04110236164468
