Epps,Enps
322.63242968659273,-48.29525548387326
