Epbs,Enbs
162.09956073168289,-77.15762209068221
