Epbs,Enbs
153.22961887250244,-75.52836742082378
