Epps,Enps
326.9389944511131,-32.537017683155305
