Epps,Enps
328.84005862753725,-29.744148140947548
