Epbs,Enbs
157.4867217569949,-70.09774403542993
