Epbs,Enbs
204.7009993124696,-89.0748471449579
