Epps,Enps
433.860705854602,-18.614219807671375
