Epps,Enps
323.39529980834953,-49.07736484593837
