Epbs,Enbs
172.84542897323536,-71.57795511068966
