Epps,Enps
304.0407698232511,-43.6707138137992
