Epbs,Enbs
127.22292130773528,-243.03559605085314
